{
  "version": "4.1.9.2",
  "configs": [
    {
      "server": "35.194.106.120",
      "server_port": 10000,
      "password": "534878350",
      "method": "chacha20-ietf-poly1305",
      "plugin": "obfs-local",
      "plugin_opts": "obfs=http;obfs-host=www.bing.com",
      "plugin_args": "",
      "remarks": "",
      "timeout": 5
    },
    {
      "server": "34.97.247.97",
      "server_port": 10000,
      "password": "534878350",
      "method": "chacha20-ietf-poly1305",
      "plugin": "obfs-local",
      "plugin_opts": "obfs=http;obfs-host=www.bing.com",
      "plugin_args": "",
      "remarks": "",
      "timeout": 5
    }
  ],
  "strategy": null,
  "index": 0,
  "global": false,
  "enabled": false,
  "shareOverLan": false,
  "isDefault": false,
  "isIPv6Enabled": false,
  "localPort": 1080,
  "portableMode": true,
  "showPluginOutput": false,
  "pacUrl": null,
  "gfwListUrl": null,
  "useOnlinePac": false,
  "secureLocalPac": true,
  "availabilityStatistics": false,
  "autoCheckUpdate": true,
  "checkPreRelease": false,
  "isVerboseLogging": false,
  "logViewer": {
    "topMost": false,
    "wrapText": false,
    "toolbarShown": false,
    "Font": "Consolas, 8pt",
    "BackgroundColor": "Black",
    "TextColor": "White"
  },
  "proxy": {
    "useProxy": false,
    "proxyType": 0,
    "proxyServer": "",
    "proxyPort": 0,
    "proxyTimeout": 3,
    "useAuth": false,
    "authUser": "",
    "authPwd": ""
  },
  "hotkey": {
    "SwitchSystemProxy": "",
    "SwitchSystemProxyMode": "",
    "SwitchAllowLan": "",
    "ShowLogs": "",
    "ServerMoveUp": "",
    "ServerMoveDown": "",
    "RegHotkeysAtStartup": false
  }
}